ID,Model,Rater,C2_1,C2_2
1,GPT35,R4,5,5
1,GPT35,R6,5,5
1,GPT35,R5,5,5
1,GPT4,R4,5,5
1,GPT4,R6,5,5
1,GPT4,R5,5,5
1,Llama,R4,5,5
1,Llama,R6,5,5
1,Llama,R5,5,5
2,GPT35,R4,5,5
2,GPT35,R6,5,5
2,GPT35,R5,5,5
2,GPT4,R4,5,5
2,GPT4,R6,5,5
2,GPT4,R5,5,5
2,Llama,R4,5,5
2,Llama,R6,5,5
2,Llama,R5,5,5
3,GPT35,R4,5,5
3,GPT35,R6,5,5
3,GPT35,R5,5,5
3,GPT4,R4,5,5
3,GPT4,R6,5,5
3,GPT4,R5,5,4
3,Llama,R4,5,5
3,Llama,R6,5,5
3,Llama,R5,5,5
4,GPT35,R4,5,5
4,GPT35,R6,5,5
4,GPT35,R5,5,5
4,GPT4,R4,5,5
4,GPT4,R6,5,5
4,GPT4,R5,5,5
4,Llama,R4,5,5
4,Llama,R6,5,5
4,Llama,R5,5,5
5,GPT35,R4,5,5
5,GPT35,R6,5,5
5,GPT35,R5,5,5
5,GPT4,R4,5,5
5,GPT4,R6,5,5
5,GPT4,R5,5,5
5,Llama,R4,5,5
5,Llama,R6,5,5
5,Llama,R5,5,5
6,GPT35,R4,5,5
6,GPT35,R6,5,5
6,GPT35,R5,5,5
6,GPT4,R4,5,5
6,GPT4,R6,5,5
6,GPT4,R5,5,5
6,Llama,R4,5,5
6,Llama,R6,5,5
6,Llama,R5,5,5
7,GPT35,R4,5,5
7,GPT35,R6,5,5
7,GPT35,R5,5,5
7,GPT4,R4,5,5
7,GPT4,R6,5,5
7,GPT4,R5,5,5
7,Llama,R4,5,5
7,Llama,R6,5,5
7,Llama,R5,5,5
8,GPT35,R4,5,5
8,GPT35,R6,5,5
8,GPT35,R5,5,5
8,GPT4,R4,5,5
8,GPT4,R6,5,5
8,GPT4,R5,5,5
8,Llama,R4,5,5
8,Llama,R6,5,5
8,Llama,R5,5,5
9,GPT35,R4,5,5
9,GPT35,R6,5,5
9,GPT35,R5,5,5
9,GPT4,R4,5,5
9,GPT4,R6,5,5
9,GPT4,R5,5,5
9,Llama,R4,0,0
9,Llama,R6,0,0
9,Llama,R5,0,0
10,GPT35,R4,5,5
10,GPT35,R6,5,5
10,GPT35,R5,5,5
10,GPT4,R4,5,5
10,GPT4,R6,5,5
10,GPT4,R5,5,5
10,Llama,R4,5,5
10,Llama,R6,5,3
10,Llama,R5,4,4
11,GPT35,R4,0,0
11,GPT35,R6,0,0
11,GPT35,R5,0,0
11,GPT4,R4,5,5
11,GPT4,R6,5,5
11,GPT4,R5,5,5
11,Llama,R4,5,4
11,Llama,R6,5,2
11,Llama,R5,5,1
12,GPT35,R4,5,5
12,GPT35,R6,5,5
12,GPT35,R5,5,5
12,GPT4,R4,5,5
12,GPT4,R6,5,5
12,GPT4,R5,5,5
12,Llama,R4,5,1
12,Llama,R6,5,2
12,Llama,R5,5,0
13,GPT35,R4,5,4
13,GPT35,R6,5,4
13,GPT35,R5,5,4
13,GPT4,R4,5,4
13,GPT4,R6,5,4
13,GPT4,R5,5,4
13,Llama,R4,5,4
13,Llama,R6,5,4
13,Llama,R5,5,5
14,GPT35,R4,5,4
14,GPT35,R6,5,4
14,GPT35,R5,5,4
14,GPT4,R4,5,3
14,GPT4,R6,5,3
14,GPT4,R5,5,3
14,Llama,R4,5,5
14,Llama,R6,5,5
14,Llama,R5,5,5
15,GPT35,R4,0,0
15,GPT35,R6,0,0
15,GPT35,R5,0,0
15,GPT4,R4,5,5
15,GPT4,R6,5,5
15,GPT4,R5,5,5
15,Llama,R4,5,3
15,Llama,R6,5,3
15,Llama,R5,4,2
16,GPT35,R4,5,5
16,GPT35,R6,5,5
16,GPT35,R5,5,5
16,GPT4,R4,5,5
16,GPT4,R6,5,5
16,GPT4,R5,5,5
16,Llama,R4,5,5
16,Llama,R6,5,5
16,Llama,R5,5,5
17,GPT35,R4,5,4
17,GPT35,R6,5,4
17,GPT35,R5,5,3
17,GPT4,R4,0,0
17,GPT4,R6,0,0
17,GPT4,R5,0,0
17,Llama,R4,5,3
17,Llama,R6,5,3
17,Llama,R5,5,3
18,GPT35,R4,0,0
18,GPT35,R6,0,0
18,GPT35,R5,5,4
18,GPT4,R4,0,0
18,GPT4,R6,0,0
18,GPT4,R5,5,1
18,Llama,R4,0,0
18,Llama,R6,0,0
18,Llama,R5,0,0
19,GPT35,R4,5,5
19,GPT35,R6,5,5
19,GPT35,R5,5,5
19,GPT4,R4,5,5
19,GPT4,R6,5,5
19,GPT4,R5,5,5
19,Llama,R4,5,3
19,Llama,R6,5,3
19,Llama,R5,5,3
20,GPT35,R4,5,5
20,GPT35,R6,5,5
20,GPT35,R5,5,5
20,GPT4,R4,0,0
20,GPT4,R6,0,0
20,GPT4,R5,0,0
20,Llama,R4,3,3
20,Llama,R6,4,2
20,Llama,R5,4,2
21,GPT35,R4,5,5
21,GPT35,R6,5,5
21,GPT35,R5,5,5
21,GPT4,R4,5,3
21,GPT4,R6,4,3
21,GPT4,R5,5,3
21,Llama,R4,5,3
21,Llama,R6,5,2
21,Llama,R5,5,2
22,GPT35,R4,0,0
22,GPT35,R6,0,0
22,GPT35,R5,5,5
22,GPT4,R4,5,3
22,GPT4,R6,5,1
22,GPT4,R5,4,1
22,Llama,R4,3,3
22,Llama,R6,5,1
22,Llama,R5,1,1
23,GPT35,R4,5,5
23,GPT35,R6,5,5
23,GPT35,R5,5,5
23,GPT4,R4,0,0
23,GPT4,R6,0,0
23,GPT4,R5,0,0
23,Llama,R4,5,5
23,Llama,R6,5,5
23,Llama,R5,5,5
24,GPT35,R4,5,5
24,GPT35,R6,5,5
24,GPT35,R5,5,5
24,GPT4,R4,5,5
24,GPT4,R6,5,5
24,GPT4,R5,5,5
24,Llama,R4,5,5
24,Llama,R6,5,5
24,Llama,R5,5,5
25,GPT35,R4,5,5
25,GPT35,R6,5,5
25,GPT35,R5,5,5
25,GPT4,R4,5,5
25,GPT4,R6,5,5
25,GPT4,R5,5,5
25,Llama,R4,5,3
25,Llama,R6,5,3
25,Llama,R5,5,0
26,GPT35,R4,5,5
26,GPT35,R6,5,5
26,GPT35,R5,5,5
26,GPT4,R4,5,4
26,GPT4,R6,5,4
26,GPT4,R5,5,4
26,Llama,R4,0,0
26,Llama,R6,0,0
26,Llama,R5,0,0
27,GPT35,R4,5,5
27,GPT35,R6,5,5
27,GPT35,R5,5,5
27,GPT4,R4,0,0
27,GPT4,R6,0,0
27,GPT4,R5,5,2
27,Llama,R4,5,5
27,Llama,R6,5,5
27,Llama,R5,5,5
28,GPT35,R4,0,0
28,GPT35,R6,0,0
28,GPT35,R5,0,0
28,GPT4,R4,0,0
28,GPT4,R6,0,0
28,GPT4,R5,0,0
28,Llama,R4,5,2
28,Llama,R6,5,2
28,Llama,R5,5,1
29,GPT35,R4,5,5
29,GPT35,R6,5,5
29,GPT35,R5,5,5
29,GPT4,R4,0,0
29,GPT4,R6,0,0
29,GPT4,R5,0,0
29,Llama,R4,5,5
29,Llama,R6,5,5
29,Llama,R5,5,5
30,GPT35,R4,5,5
30,GPT35,R6,5,5
30,GPT35,R5,5,5
30,GPT4,R4,5,5
30,GPT4,R6,5,5
30,GPT4,R5,5,5
30,Llama,R4,4,4
30,Llama,R6,5,3
30,Llama,R5,5,3
31,GPT35,R4,5,5
31,GPT35,R6,5,5
31,GPT35,R5,5,5
31,GPT4,R4,5,5
31,GPT4,R6,5,5
31,GPT4,R5,5,5
31,Llama,R4,5,5
31,Llama,R6,5,5
31,Llama,R5,5,5
32,GPT35,R4,5,5
32,GPT35,R6,5,5
32,GPT35,R5,5,5
32,GPT4,R4,5,5
32,GPT4,R6,5,5
32,GPT4,R5,5,5
32,Llama,R4,5,5
32,Llama,R6,5,5
32,Llama,R5,5,5
33,GPT35,R4,0,0
33,GPT35,R6,0,0
33,GPT35,R5,0,0
33,GPT4,R4,0,0
33,GPT4,R6,0,0
33,GPT4,R5,0,0
33,Llama,R4,5,5
33,Llama,R6,5,5
33,Llama,R5,5,5
34,GPT35,R4,5,5
34,GPT35,R6,5,5
34,GPT35,R5,5,5
34,GPT4,R4,5,5
34,GPT4,R6,5,5
34,GPT4,R5,5,5
34,Llama,R4,3,3
34,Llama,R6,5,2
34,Llama,R5,2,3
35,GPT35,R4,0,0
35,GPT35,R6,0,0
35,GPT35,R5,0,0
35,GPT4,R4,5,4
35,GPT4,R6,5,3
35,GPT4,R5,5,3
35,Llama,R4,3,2
35,Llama,R6,5,2
35,Llama,R5,5,0
36,GPT35,R4,5,3
36,GPT35,R6,5,3
36,GPT35,R5,5,2
36,GPT4,R4,5,5
36,GPT4,R6,5,5
36,GPT4,R5,5,5
36,Llama,R4,5,5
36,Llama,R6,5,5
36,Llama,R5,5,5
37,GPT35,R4,0,0
37,GPT35,R6,0,0
37,GPT35,R5,0,0
37,GPT4,R4,5,2
37,GPT4,R6,5,2
37,GPT4,R5,5,0
37,Llama,R4,3,2
37,Llama,R6,4,1
37,Llama,R5,3,0
38,GPT35,R4,5,5
38,GPT35,R6,5,5
38,GPT35,R5,5,5
38,GPT4,R4,0,0
38,GPT4,R6,0,0
38,GPT4,R5,0,0
38,Llama,R4,0,0
38,Llama,R6,0,0
38,Llama,R5,0,0
39,GPT35,R4,5,5
39,GPT35,R6,5,5
39,GPT35,R5,5,5
39,GPT4,R4,5,5
39,GPT4,R6,5,5
39,GPT4,R5,5,5
39,Llama,R4,5,1
39,Llama,R6,5,1
39,Llama,R5,5,0
40,GPT35,R4,0,0
40,GPT35,R6,0,0
40,GPT35,R5,0,0
40,GPT4,R4,5,3
40,GPT4,R6,5,5
40,GPT4,R5,5,2
40,Llama,R4,3,2
40,Llama,R6,5,1
40,Llama,R5,3,0
41,GPT35,R4,5,5
41,GPT35,R6,5,5
41,GPT35,R5,5,5
41,GPT4,R4,0,0
41,GPT4,R6,0,0
41,GPT4,R5,0,0
41,Llama,R4,5,5
41,Llama,R6,5,5
41,Llama,R5,5,5
42,GPT35,R4,5,5
42,GPT35,R6,5,5
42,GPT35,R5,5,5
42,GPT4,R4,5,5
42,GPT4,R6,5,5
42,GPT4,R5,5,5
42,Llama,R4,5,5
42,Llama,R6,5,5
42,Llama,R5,5,5
43,GPT35,R4,0,0
43,GPT35,R6,0,0
43,GPT35,R5,0,0
43,GPT4,R4,0,0
43,GPT4,R6,0,0
43,GPT4,R5,0,0
43,Llama,R4,5,5
43,Llama,R6,5,5
43,Llama,R5,5,5
44,GPT35,R4,5,5
44,GPT35,R6,5,5
44,GPT35,R5,5,5
44,GPT4,R4,5,5
44,GPT4,R6,5,5
44,GPT4,R5,5,5
44,Llama,R4,5,5
44,Llama,R6,5,5
44,Llama,R5,5,5
45,GPT35,R4,5,5
45,GPT35,R6,0,0
45,GPT35,R5,5,5
45,GPT4,R4,5,5
45,GPT4,R6,5,5
45,GPT4,R5,5,5
45,Llama,R4,5,5
45,Llama,R6,5,5
45,Llama,R5,5,5
46,GPT35,R4,5,5
46,GPT35,R6,5,5
46,GPT35,R5,5,5
46,GPT4,R4,5,5
46,GPT4,R6,5,5
46,GPT4,R5,5,5
46,Llama,R4,0,0
46,Llama,R6,0,0
46,Llama,R5,0,0
47,GPT35,R4,0,0
47,GPT35,R6,0,0
47,GPT35,R5,0,0
47,GPT4,R4,0,0
47,GPT4,R6,0,0
47,GPT4,R5,0,0
47,Llama,R4,5,5
47,Llama,R6,5,5
47,Llama,R5,5,5
48,GPT35,R4,5,5
48,GPT35,R6,5,5
48,GPT35,R5,5,5
48,GPT4,R4,0,0
48,GPT4,R6,0,0
48,GPT4,R5,0,0
48,Llama,R4,5,5
48,Llama,R6,5,5
48,Llama,R5,5,5
49,GPT35,R4,0,0
49,GPT35,R6,0,0
49,GPT35,R5,0,0
49,GPT4,R4,5,5
49,GPT4,R6,5,5
49,GPT4,R5,5,5
49,Llama,R4,5,5
49,Llama,R6,5,5
49,Llama,R5,5,5
50,GPT35,R4,3,2
50,GPT35,R6,5,2
50,GPT35,R5,4,0
50,GPT4,R4,0,0
50,GPT4,R6,0,0
50,GPT4,R5,0,0
50,Llama,R4,0,0
50,Llama,R6,0,0
50,Llama,R5,0,0
51,GPT35,R4,0,0
51,GPT35,R6,0,0
51,GPT35,R5,0,0
51,GPT4,R4,0,0
51,GPT4,R6,0,0
51,GPT4,R5,0,0
51,Llama,R4,1,4
51,Llama,R6,5,3
51,Llama,R5,3,0
52,GPT35,R4,5,5
52,GPT35,R6,5,5
52,GPT35,R5,5,5
52,GPT4,R4,0,0
52,GPT4,R6,0,0
52,GPT4,R5,0,0
52,Llama,R4,3,5
52,Llama,R6,5,3
52,Llama,R5,3,4
53,GPT35,R4,0,0
53,GPT35,R6,0,0
53,GPT35,R5,0,0
53,GPT4,R4,5,5
53,GPT4,R6,5,5
53,GPT4,R5,5,5
53,Llama,R4,0,0
53,Llama,R6,0,0
53,Llama,R5,0,0
54,GPT35,R4,0,0
54,GPT35,R6,0,0
54,GPT35,R5,0,0
54,GPT4,R4,5,5
54,GPT4,R6,5,5
54,GPT4,R5,5,5
54,Llama,R4,5,5
54,Llama,R6,5,5
54,Llama,R5,5,5
55,GPT35,R4,0,0
55,GPT35,R6,0,0
55,GPT35,R5,0,0
55,GPT4,R4,5,5
55,GPT4,R6,5,5
55,GPT4,R5,5,5
55,Llama,R4,5,5
55,Llama,R6,5,5
55,Llama,R5,5,5
56,GPT35,R4,0,0
56,GPT35,R6,0,0
56,GPT35,R5,0,0
56,GPT4,R4,0,0
56,GPT4,R6,0,0
56,GPT4,R5,0,0
56,Llama,R4,2,5
56,Llama,R6,5,3
56,Llama,R5,3,4
57,GPT35,R4,5,5
57,GPT35,R6,5,5
57,GPT35,R5,5,5
57,GPT4,R4,0,0
57,GPT4,R6,0,0
57,GPT4,R5,0,0
57,Llama,R4,1,5
57,Llama,R6,5,2
57,Llama,R5,2,2
58,GPT35,R4,0,0
58,GPT35,R6,0,0
58,GPT35,R5,0,0
58,GPT4,R4,0,0
58,GPT4,R6,0,0
58,GPT4,R5,0,0
58,Llama,R4,0,0
58,Llama,R6,0,0
58,Llama,R5,0,0
59,GPT35,R4,5,5
59,GPT35,R6,5,5
59,GPT35,R5,5,5
59,GPT4,R4,5,5
59,GPT4,R6,5,5
59,GPT4,R5,5,5
59,Llama,R4,5,5
59,Llama,R6,5,5
59,Llama,R5,5,5
60,GPT35,R4,5,5
60,GPT35,R6,5,5
60,GPT35,R5,5,5
60,GPT4,R4,5,5
60,GPT4,R6,5,5
60,GPT4,R5,5,5
60,Llama,R4,5,5
60,Llama,R6,5,5
60,Llama,R5,5,5
61,GPT35,R4,5,4
61,GPT35,R6,5,4
61,GPT35,R5,5,4
61,GPT4,R4,5,4
61,GPT4,R6,5,5
61,GPT4,R5,5,4
61,Llama,R4,0,0
61,Llama,R6,0,0
61,Llama,R5,0,0
62,GPT35,R4,0,0
62,GPT35,R6,0,0
62,GPT35,R5,0,0
62,GPT4,R4,0,0
62,GPT4,R6,0,0
62,GPT4,R5,0,0
62,Llama,R4,0,0
62,Llama,R6,0,0
62,Llama,R5,0,0
63,GPT35,R4,0,0
63,GPT35,R6,0,0
63,GPT35,R5,0,0
63,GPT4,R4,5,5
63,GPT4,R6,5,5
63,GPT4,R5,5,5
63,Llama,R4,5,4
63,Llama,R6,5,4
63,Llama,R5,5,3
64,GPT35,R4,0,0
64,GPT35,R6,0,0
64,GPT35,R5,3,3
64,GPT4,R4,0,0
64,GPT4,R6,0,0
64,GPT4,R5,0,0
64,Llama,R4,5,4
64,Llama,R6,4,5
64,Llama,R5,5,3
65,GPT35,R4,0,0
65,GPT35,R6,0,0
65,GPT35,R5,0,0
65,GPT4,R4,0,0
65,GPT4,R6,0,0
65,GPT4,R5,0,0
65,Llama,R4,0,0
65,Llama,R6,0,0
65,Llama,R5,0,0
66,GPT35,R4,0,0
66,GPT35,R6,0,0
66,GPT35,R5,0,0
66,GPT4,R4,5,5
66,GPT4,R6,5,5
66,GPT4,R5,5,5
66,Llama,R4,5,5
66,Llama,R6,5,5
66,Llama,R5,5,5
67,GPT35,R4,5,5
67,GPT35,R6,5,5
67,GPT35,R5,5,5
67,GPT4,R4,0,0
67,GPT4,R6,0,0
67,GPT4,R5,0,0
67,Llama,R4,5,5
67,Llama,R6,5,5
67,Llama,R5,5,5
68,GPT35,R4,0,0
68,GPT35,R6,0,0
68,GPT35,R5,0,0
68,GPT4,R4,0,0
68,GPT4,R6,0,0
68,GPT4,R5,0,0
68,Llama,R4,0,0
68,Llama,R6,0,0
68,Llama,R5,0,0
69,GPT35,R4,5,5
69,GPT35,R6,5,5
69,GPT35,R5,5,5
69,GPT4,R4,0,0
69,GPT4,R6,0,0
69,GPT4,R5,0,0
69,Llama,R4,0,0
69,Llama,R6,0,0
69,Llama,R5,0,0
70,GPT35,R4,0,0
70,GPT35,R6,0,0
70,GPT35,R5,0,0
70,GPT4,R4,0,0
70,GPT4,R6,0,0
70,GPT4,R5,0,0
70,Llama,R4,0,0
70,Llama,R6,0,0
70,Llama,R5,0,0
71,GPT35,R4,0,0
71,GPT35,R6,0,0
71,GPT35,R5,0,0
71,GPT4,R4,0,0
71,GPT4,R6,0,0
71,GPT4,R5,0,0
71,Llama,R4,0,0
71,Llama,R6,0,0
71,Llama,R5,0,0
72,GPT35,R4,0,0
72,GPT35,R6,0,0
72,GPT35,R5,0,0
72,GPT4,R4,0,0
72,GPT4,R6,0,0
72,GPT4,R5,0,0
72,Llama,R4,0,0
72,Llama,R6,0,0
72,Llama,R5,0,0
73,GPT35,R4,0,0
73,GPT35,R6,0,0
73,GPT35,R5,0,0
73,GPT4,R4,0,0
73,GPT4,R6,0,0
73,GPT4,R5,0,0
73,Llama,R4,0,0
73,Llama,R6,0,0
73,Llama,R5,0,0
74,GPT35,R4,5,2
74,GPT35,R6,5,3
74,GPT35,R5,5,1
74,GPT4,R4,0,0
74,GPT4,R6,0,0
74,GPT4,R5,0,0
74,Llama,R4,0,0
74,Llama,R6,0,0
74,Llama,R5,0,0
75,GPT35,R4,0,0
75,GPT35,R6,0,0
75,GPT35,R5,0,0
75,GPT4,R4,0,0
75,GPT4,R6,0,0
75,GPT4,R5,0,0
75,Llama,R4,5,5
75,Llama,R6,5,5
75,Llama,R5,5,5
76,GPT35,R4,5,3
76,GPT35,R6,5,2
76,GPT35,R5,5,2
76,GPT4,R4,5,5
76,GPT4,R6,0,0
76,GPT4,R5,5,5
76,Llama,R4,0,0
76,Llama,R6,0,0
76,Llama,R5,0,0
77,GPT35,R4,5,5
77,GPT35,R6,5,5
77,GPT35,R5,5,5
77,GPT4,R4,5,5
77,GPT4,R6,5,5
77,GPT4,R5,5,5
77,Llama,R4,5,5
77,Llama,R6,5,5
77,Llama,R5,5,5
78,GPT35,R4,5,5
78,GPT35,R6,5,5
78,GPT35,R5,5,5
78,GPT4,R4,0,0
78,GPT4,R6,0,0
78,GPT4,R5,0,0
78,Llama,R4,5,3
78,Llama,R6,5,2
78,Llama,R5,5,2
79,GPT35,R4,5,5
79,GPT35,R6,5,5
79,GPT35,R5,5,5
79,GPT4,R4,0,0
79,GPT4,R6,0,0
79,GPT4,R5,0,0
79,Llama,R4,5,5
79,Llama,R6,5,5
79,Llama,R5,5,5
80,GPT35,R4,5,5
80,GPT35,R6,4,5
80,GPT35,R5,5,5
80,GPT4,R4,5,5
80,GPT4,R6,4,5
80,GPT4,R5,5,5
80,Llama,R4,0,0
80,Llama,R6,0,0
80,Llama,R5,0,0
81,GPT35,R4,5,5
81,GPT35,R6,5,5
81,GPT35,R5,5,5
81,GPT4,R4,0,0
81,GPT4,R6,0,0
81,GPT4,R5,0,0
81,Llama,R4,0,5
81,Llama,R6,5,3
81,Llama,R5,5,1
82,GPT35,R4,5,5
82,GPT35,R6,5,5
82,GPT35,R5,5,5
82,GPT4,R4,5,4
82,GPT4,R6,5,4
82,GPT4,R5,5,4
82,Llama,R4,5,5
82,Llama,R6,5,5
82,Llama,R5,5,5
83,GPT35,R4,5,5
83,GPT35,R6,5,5
83,GPT35,R5,5,5
83,GPT4,R4,5,5
83,GPT4,R6,5,5
83,GPT4,R5,5,5
83,Llama,R4,5,3
83,Llama,R6,5,3
83,Llama,R5,5,2
84,GPT35,R4,5,5
84,GPT35,R6,5,5
84,GPT35,R5,5,5
84,GPT4,R4,0,0
84,GPT4,R6,0,0
84,GPT4,R5,0,0
84,Llama,R4,0,0
84,Llama,R6,0,0
84,Llama,R5,0,0
85,GPT35,R4,5,5
85,GPT35,R6,5,5
85,GPT35,R5,5,5
85,GPT4,R4,0,0
85,GPT4,R6,0,0
85,GPT4,R5,0,0
85,Llama,R4,5,5
85,Llama,R6,5,5
85,Llama,R5,5,5
86,GPT35,R4,5,5
86,GPT35,R6,5,5
86,GPT35,R5,5,5
86,GPT4,R4,5,5
86,GPT4,R6,5,5
86,GPT4,R5,5,5
86,Llama,R4,0,0
86,Llama,R6,0,0
86,Llama,R5,0,0
87,GPT35,R4,5,5
87,GPT35,R6,5,5
87,GPT35,R5,5,5
87,GPT4,R4,5,5
87,GPT4,R6,5,5
87,GPT4,R5,5,5
87,Llama,R4,0,0
87,Llama,R6,0,0
87,Llama,R5,0,0
88,GPT35,R4,0,0
88,GPT35,R6,0,0
88,GPT35,R5,0,0
88,GPT4,R4,3,5
88,GPT4,R6,5,3
88,GPT4,R5,4,4
88,Llama,R4,5,5
88,Llama,R6,5,5
88,Llama,R5,5,5
89,GPT35,R4,0,0
89,GPT35,R6,0,0
89,GPT35,R5,0,0
89,GPT4,R4,5,1
89,GPT4,R6,5,2
89,GPT4,R5,5,0
89,Llama,R4,5,2
89,Llama,R6,5,2
89,Llama,R5,5,0
90,GPT35,R4,5,3
90,GPT35,R6,5,2
90,GPT35,R5,5,2
90,GPT4,R4,0,0
90,GPT4,R6,0,0
90,GPT4,R5,0,0
90,Llama,R4,0,0
90,Llama,R6,0,0
90,Llama,R5,0,0
91,GPT35,R4,5,5
91,GPT35,R6,5,5
91,GPT35,R5,5,5
91,GPT4,R4,5,5
91,GPT4,R6,5,5
91,GPT4,R5,5,5
91,Llama,R4,0,0
91,Llama,R6,0,0
91,Llama,R5,0,0
92,GPT35,R4,5,5
92,GPT35,R6,5,5
92,GPT35,R5,5,5
92,GPT4,R4,5,5
92,GPT4,R6,5,5
92,GPT4,R5,5,5
92,Llama,R4,5,5
92,Llama,R6,5,5
92,Llama,R5,5,5
93,GPT35,R4,5,5
93,GPT35,R6,5,5
93,GPT35,R5,5,5
93,GPT4,R4,0,0
93,GPT4,R6,0,0
93,GPT4,R5,0,0
93,Llama,R4,5,5
93,Llama,R6,5,5
93,Llama,R5,5,5
94,GPT35,R4,0,0
94,GPT35,R6,0,0
94,GPT35,R5,0,0
94,GPT4,R4,5,5
94,GPT4,R6,5,5
94,GPT4,R5,5,5
94,Llama,R4,5,4
94,Llama,R6,5,4
94,Llama,R5,5,2
95,GPT35,R4,0,0
95,GPT35,R6,0,0
95,GPT35,R5,0,0
95,GPT4,R4,5,5
95,GPT4,R6,5,5
95,GPT4,R5,5,5
95,Llama,R4,5,5
95,Llama,R6,5,5
95,Llama,R5,5,5
96,GPT35,R4,0,0
96,GPT35,R6,0,0
96,GPT35,R5,0,0
96,GPT4,R4,5,2
96,GPT4,R6,5,2
96,GPT4,R5,5,1
96,Llama,R4,0,0
96,Llama,R6,0,0
96,Llama,R5,0,0
97,GPT35,R4,0,0
97,GPT35,R6,0,0
97,GPT35,R5,0,0
97,GPT4,R4,0,0
97,GPT4,R6,0,0
97,GPT4,R5,0,0
97,Llama,R4,5,4
97,Llama,R6,5,5
97,Llama,R5,5,3
98,GPT35,R4,0,0
98,GPT35,R6,0,0
98,GPT35,R5,0,0
98,GPT4,R4,5,5
98,GPT4,R6,5,5
98,GPT4,R5,5,5
98,Llama,R4,3,2
98,Llama,R6,5,2
98,Llama,R5,1,0
99,GPT35,R4,0,0
99,GPT35,R6,0,0
99,GPT35,R5,0,0
99,GPT4,R4,5,5
99,GPT4,R6,5,5
99,GPT4,R5,5,5
99,Llama,R4,3,3
99,Llama,R6,5,3
99,Llama,R5,4,3
100,GPT35,R4,0,0
100,GPT35,R6,0,0
100,GPT35,R5,0,0
100,GPT4,R4,5,5
100,GPT4,R6,5,5
100,GPT4,R5,5,5
100,Llama,R4,0,0
100,Llama,R6,0,0
100,Llama,R5,0,0
101,GPT35,R4,5,5
101,GPT35,R6,5,5
101,GPT35,R5,5,5
101,GPT4,R4,5,5
101,GPT4,R6,0,0
101,GPT4,R5,5,5
101,Llama,R4,0,0
101,Llama,R6,0,0
101,Llama,R5,0,0
102,GPT35,R4,5,5
102,GPT35,R6,5,5
102,GPT35,R5,5,5
102,GPT4,R4,5,5
102,GPT4,R6,5,5
102,GPT4,R5,5,5
102,Llama,R4,0,0
102,Llama,R6,0,0
102,Llama,R5,0,0
103,GPT35,R4,0,0
103,GPT35,R6,0,0
103,GPT35,R5,0,0
103,GPT4,R4,0,0
103,GPT4,R6,0,0
103,GPT4,R5,0,0
103,Llama,R4,0,0
103,Llama,R6,0,0
103,Llama,R5,0,0
104,GPT35,R4,0,0
104,GPT35,R6,0,0
104,GPT35,R5,0,0
104,GPT4,R4,0,0
104,GPT4,R6,0,0
104,GPT4,R5,0,0
104,Llama,R4,1,1
104,Llama,R6,3,1
104,Llama,R5,0,0
105,GPT35,R4,0,0
105,GPT35,R6,0,0
105,GPT35,R5,0,0
105,GPT4,R4,2,4
105,GPT4,R6,4,4
105,GPT4,R5,4,3
105,Llama,R4,0,0
105,Llama,R6,0,0
105,Llama,R5,0,0
106,GPT35,R4,5,5
106,GPT35,R6,5,5
106,GPT35,R5,5,5
106,GPT4,R4,5,5
106,GPT4,R6,5,5
106,GPT4,R5,5,5
106,Llama,R4,5,5
106,Llama,R6,5,5
106,Llama,R5,5,5
107,GPT35,R4,5,5
107,GPT35,R6,5,5
107,GPT35,R5,5,5
107,GPT4,R4,5,5
107,GPT4,R6,5,5
107,GPT4,R5,5,5
107,Llama,R4,2,5
107,Llama,R6,5,3
107,Llama,R5,2,4
108,GPT35,R4,0,0
108,GPT35,R6,0,0
108,GPT35,R5,0,0
108,GPT4,R4,0,0
108,GPT4,R6,0,0
108,GPT4,R5,0,0
108,Llama,R4,1,1
108,Llama,R6,5,2
108,Llama,R5,0,0
109,GPT35,R4,0,0
109,GPT35,R6,0,0
109,GPT35,R5,0,0
109,GPT4,R4,5,5
109,GPT4,R6,5,5
109,GPT4,R5,5,5
109,Llama,R4,0,0
109,Llama,R6,0,0
109,Llama,R5,0,0
110,GPT35,R4,0,0
110,GPT35,R6,0,0
110,GPT35,R5,0,0
110,GPT4,R4,5,5
110,GPT4,R6,5,5
110,GPT4,R5,5,5
110,Llama,R4,0,0
110,Llama,R6,0,0
110,Llama,R5,0,0
111,GPT35,R4,0,0
111,GPT35,R6,0,0
111,GPT35,R5,0,0
111,GPT4,R4,5,5
111,GPT4,R6,5,5
111,GPT4,R5,5,5
111,Llama,R4,5,5
111,Llama,R6,5,5
111,Llama,R5,5,5
112,GPT35,R4,0,0
112,GPT35,R6,0,0
112,GPT35,R5,0,0
112,GPT4,R4,0,0
112,GPT4,R6,0,0
112,GPT4,R5,0,0
112,Llama,R4,0,0
112,Llama,R6,0,0
112,Llama,R5,0,0
113,GPT35,R4,5,5
113,GPT35,R6,5,5
113,GPT35,R5,5,5
113,GPT4,R4,5,5
113,GPT4,R6,5,5
113,GPT4,R5,5,5
113,Llama,R4,5,2
113,Llama,R6,5,2
113,Llama,R5,0,0
114,GPT35,R4,0,0
114,GPT35,R6,0,0
114,GPT35,R5,0,0
114,GPT4,R4,0,0
114,GPT4,R6,0,0
114,GPT4,R5,0,0
114,Llama,R4,3,5
114,Llama,R6,5,3
114,Llama,R5,4,4
115,GPT35,R4,5,5
115,GPT35,R6,5,5
115,GPT35,R5,5,5
115,GPT4,R4,5,5
115,GPT4,R6,5,5
115,GPT4,R5,5,5
115,Llama,R4,5,5
115,Llama,R6,5,5
115,Llama,R5,5,5
116,GPT35,R4,5,5
116,GPT35,R6,5,5
116,GPT35,R5,5,5
116,GPT4,R4,5,5
116,GPT4,R6,5,5
116,GPT4,R5,5,5
116,Llama,R4,5,5
116,Llama,R6,5,5
116,Llama,R5,5,5
117,GPT35,R4,5,5
117,GPT35,R6,5,5
117,GPT35,R5,5,5
117,GPT4,R4,5,5
117,GPT4,R6,5,5
117,GPT4,R5,5,5
117,Llama,R4,5,5
117,Llama,R6,5,5
117,Llama,R5,5,5
118,GPT35,R4,5,5
118,GPT35,R6,5,5
118,GPT35,R5,5,5
118,GPT4,R4,5,5
118,GPT4,R6,5,5
118,GPT4,R5,5,5
118,Llama,R4,5,5
118,Llama,R6,5,5
118,Llama,R5,5,5
119,GPT35,R4,0,0
119,GPT35,R6,0,0
119,GPT35,R5,0,0
119,GPT4,R4,5,5
119,GPT4,R6,5,5
119,GPT4,R5,5,5
119,Llama,R4,2,3
119,Llama,R6,5,4
119,Llama,R5,5,1
120,GPT35,R4,0,0
120,GPT35,R6,0,0
120,GPT35,R5,0,0
120,GPT4,R4,0,0
120,GPT4,R6,0,0
120,GPT4,R5,0,0
120,Llama,R4,0,0
120,Llama,R6,0,0
120,Llama,R5,0,0
121,GPT35,R4,0,0
121,GPT35,R6,0,0
121,GPT35,R5,0,0
121,GPT4,R4,0,0
121,GPT4,R6,0,0
121,GPT4,R5,0,0
121,Llama,R4,0,0
121,Llama,R6,0,0
121,Llama,R5,0,0
122,GPT35,R4,0,0
122,GPT35,R6,0,0
122,GPT35,R5,0,0
122,GPT4,R4,0,0
122,GPT4,R6,0,0
122,GPT4,R5,0,0
122,Llama,R4,0,0
122,Llama,R6,0,0
122,Llama,R5,0,0
123,GPT35,R4,5,5
123,GPT35,R6,5,5
123,GPT35,R5,5,5
123,GPT4,R4,5,5
123,GPT4,R6,5,5
123,GPT4,R5,5,5
123,Llama,R4,5,5
123,Llama,R6,5,5
123,Llama,R5,5,5
124,GPT35,R4,0,0
124,GPT35,R6,0,0
124,GPT35,R5,0,0
124,GPT4,R4,0,0
124,GPT4,R6,0,0
124,GPT4,R5,0,0
124,Llama,R4,0,0
124,Llama,R6,0,0
124,Llama,R5,0,0
125,GPT35,R4,0,0
125,GPT35,R6,0,0
125,GPT35,R5,0,0
125,GPT4,R4,5,5
125,GPT4,R6,5,5
125,GPT4,R5,5,5
125,Llama,R4,5,5
125,Llama,R6,5,5
125,Llama,R5,5,5
126,GPT35,R4,3,2
126,GPT35,R6,5,1
126,GPT35,R5,4,0
126,GPT4,R4,0,0
126,GPT4,R6,0,0
126,GPT4,R5,0,0
126,Llama,R4,0,0
126,Llama,R6,0,0
126,Llama,R5,0,0
127,GPT35,R4,3,5
127,GPT35,R6,4,3
127,GPT35,R5,4,4
127,GPT4,R4,5,4
127,GPT4,R6,5,4
127,GPT4,R5,5,4
127,Llama,R4,2,3
127,Llama,R6,5,3
127,Llama,R5,3,1
128,GPT35,R4,5,5
128,GPT35,R6,5,5
128,GPT35,R5,5,5
128,GPT4,R4,5,5
128,GPT4,R6,5,5
128,GPT4,R5,5,5
128,Llama,R4,0,0
128,Llama,R6,0,0
128,Llama,R5,0,0
129,GPT35,R4,0,0
129,GPT35,R6,0,0
129,GPT35,R5,0,0
129,GPT4,R4,5,5
129,GPT4,R6,5,5
129,GPT4,R5,5,5
129,Llama,R4,1,2
129,Llama,R6,5,1
129,Llama,R5,0,0
130,GPT35,R4,0,0
130,GPT35,R6,0,0
130,GPT35,R5,0,0
130,GPT4,R4,0,0
130,GPT4,R6,0,0
130,GPT4,R5,0,0
130,Llama,R4,1,1
130,Llama,R6,5,1
130,Llama,R5,0,0
131,GPT35,R4,5,5
131,GPT35,R6,5,5
131,GPT35,R5,5,5
131,GPT4,R4,0,0
131,GPT4,R6,0,0
131,GPT4,R5,0,0
131,Llama,R4,3,3
131,Llama,R6,5,3
131,Llama,R5,4,2
132,GPT35,R4,0,0
132,GPT35,R6,0,0
132,GPT35,R5,0,0
132,GPT4,R4,5,5
132,GPT4,R6,5,5
132,GPT4,R5,5,5
132,Llama,R4,5,5
132,Llama,R6,5,5
132,Llama,R5,5,5
133,GPT35,R4,5,5
133,GPT35,R6,0,0
133,GPT35,R5,5,5
133,GPT4,R4,5,5
133,GPT4,R6,5,5
133,GPT4,R5,5,5
133,Llama,R4,0,0
133,Llama,R6,0,0
133,Llama,R5,0,0
134,GPT35,R4,0,0
134,GPT35,R6,0,0
134,GPT35,R5,0,0
134,GPT4,R4,0,0
134,GPT4,R6,0,0
134,GPT4,R5,0,0
134,Llama,R4,5,5
134,Llama,R6,5,5
134,Llama,R5,5,5
135,GPT35,R4,5,5
135,GPT35,R6,5,5
135,GPT35,R5,5,5
135,GPT4,R4,5,5
135,GPT4,R6,5,5
135,GPT4,R5,5,5
135,Llama,R4,5,5
135,Llama,R6,5,5
135,Llama,R5,5,5
136,GPT35,R4,5,3
136,GPT35,R6,5,2
136,GPT35,R5,5,3
136,GPT4,R4,5,3
136,GPT4,R6,5,2
136,GPT4,R5,5,3
136,Llama,R4,2,4
136,Llama,R6,5,1
136,Llama,R5,0,3
137,GPT35,R4,5,3
137,GPT35,R6,5,3
137,GPT35,R5,5,3
137,GPT4,R4,5,2
137,GPT4,R6,5,3
137,GPT4,R5,5,1
137,Llama,R4,5,2
137,Llama,R6,5,2
137,Llama,R5,5,1
138,GPT35,R4,5,5
138,GPT35,R6,5,5
138,GPT35,R5,5,5
138,GPT4,R4,5,5
138,GPT4,R6,5,5
138,GPT4,R5,5,5
138,Llama,R4,4,3
138,Llama,R6,5,2
138,Llama,R5,4,2
139,GPT35,R4,5,3
139,GPT35,R6,5,3
139,GPT35,R5,5,3
139,GPT4,R4,5,3
139,GPT4,R6,5,2
139,GPT4,R5,5,3
139,Llama,R4,5,2
139,Llama,R6,5,2
139,Llama,R5,5,1
140,GPT35,R4,5,5
140,GPT35,R6,4,5
140,GPT35,R5,5,5
140,GPT4,R4,0,0
140,GPT4,R6,0,0
140,GPT4,R5,0,0
140,Llama,R4,5,5
140,Llama,R6,5,5
140,Llama,R5,5,5
141,GPT35,R4,5,5
141,GPT35,R6,5,5
141,GPT35,R5,5,5
141,GPT4,R4,5,5
141,GPT4,R6,5,5
141,GPT4,R5,5,5
141,Llama,R4,5,5
141,Llama,R6,5,5
141,Llama,R5,5,5
142,GPT35,R4,0,0
142,GPT35,R6,0,0
142,GPT35,R5,0,0
142,GPT4,R4,5,4
142,GPT4,R6,5,3
142,GPT4,R5,3,5
142,Llama,R4,5,3
142,Llama,R6,5,3
142,Llama,R5,5,3
143,GPT35,R4,5,5
143,GPT35,R6,0,0
143,GPT35,R5,5,5
143,GPT4,R4,5,5
143,GPT4,R6,5,5
143,GPT4,R5,5,5
143,Llama,R4,5,3
143,Llama,R6,5,2
143,Llama,R5,5,1
144,GPT35,R4,0,0
144,GPT35,R6,0,0
144,GPT35,R5,0,0
144,GPT4,R4,0,0
144,GPT4,R6,0,0
144,GPT4,R5,0,0
144,Llama,R4,0,0
144,Llama,R6,0,0
144,Llama,R5,0,0
145,GPT35,R4,5,5
145,GPT35,R6,0,0
145,GPT35,R5,5,5
145,GPT4,R4,0,0
145,GPT4,R6,0,0
145,GPT4,R5,0,0
145,Llama,R4,0,0
145,Llama,R6,0,0
145,Llama,R5,0,0
146,GPT35,R4,5,5
146,GPT35,R6,0,0
146,GPT35,R5,5,5
146,GPT4,R4,5,5
146,GPT4,R6,5,5
146,GPT4,R5,5,5
146,Llama,R4,5,5
146,Llama,R6,0,0
146,Llama,R5,5,5
147,GPT35,R4,0,0
147,GPT35,R6,0,0
147,GPT35,R5,0,0
147,GPT4,R4,0,0
147,GPT4,R6,0,0
147,GPT4,R5,0,0
147,Llama,R4,0,0
147,Llama,R6,0,0
147,Llama,R5,0,0
148,GPT35,R4,0,0
148,GPT35,R6,0,0
148,GPT35,R5,0,0
148,GPT4,R4,0,0
148,GPT4,R6,0,0
148,GPT4,R5,0,0
148,Llama,R4,0,0
148,Llama,R6,0,0
148,Llama,R5,0,0
149,GPT35,R4,4,2
149,GPT35,R6,5,2
149,GPT35,R5,4,1
149,GPT4,R4,0,0
149,GPT4,R6,0,0
149,GPT4,R5,0,0
149,Llama,R4,0,0
149,Llama,R6,0,0
149,Llama,R5,0,0
150,GPT35,R4,0,0
150,GPT35,R6,0,0
150,GPT35,R5,0,0
150,GPT4,R4,0,0
150,GPT4,R6,0,0
150,GPT4,R5,0,0
150,Llama,R4,0,0
150,Llama,R6,0,0
150,Llama,R5,0,0
151,GPT35,R4,5,5
151,GPT35,R6,0,0
151,GPT35,R5,5,5
151,GPT4,R4,5,5
151,GPT4,R6,5,5
151,GPT4,R5,5,5
151,Llama,R4,5,5
151,Llama,R6,0,0
151,Llama,R5,5,5
152,GPT35,R4,5,5
152,GPT35,R6,5,5
152,GPT35,R5,5,5
152,GPT4,R4,5,5
152,GPT4,R6,5,5
152,GPT4,R5,5,5
152,Llama,R4,5,5
152,Llama,R6,5,5
152,Llama,R5,5,5
153,GPT35,R4,5,5
153,GPT35,R6,5,5
153,GPT35,R5,5,5
153,GPT4,R4,0,0
153,GPT4,R6,0,0
153,GPT4,R5,0,0
153,Llama,R4,5,3
153,Llama,R6,5,3
153,Llama,R5,5,3
154,GPT35,R4,5,5
154,GPT35,R6,5,5
154,GPT35,R5,5,5
154,GPT4,R4,5,5
154,GPT4,R6,5,5
154,GPT4,R5,5,5
154,Llama,R4,5,5
154,Llama,R6,5,5
154,Llama,R5,5,5
155,GPT35,R4,5,5
155,GPT35,R6,5,5
155,GPT35,R5,5,5
155,GPT4,R4,5,5
155,GPT4,R6,5,5
155,GPT4,R5,5,5
155,Llama,R4,0,0
155,Llama,R6,0,0
155,Llama,R5,0,0
156,GPT35,R4,5,5
156,GPT35,R6,5,5
156,GPT35,R5,5,5
156,GPT4,R4,0,0
156,GPT4,R6,0,0
156,GPT4,R5,0,0
156,Llama,R4,5,5
156,Llama,R6,5,5
156,Llama,R5,5,5
157,GPT35,R4,0,0
157,GPT35,R6,0,0
157,GPT35,R5,5,4
157,GPT4,R4,0,0
157,GPT4,R6,0,0
157,GPT4,R5,5,3
157,Llama,R4,5,5
157,Llama,R6,5,5
157,Llama,R5,5,5
158,GPT35,R4,5,5
158,GPT35,R6,5,5
158,GPT35,R5,5,5
158,GPT4,R4,5,5
158,GPT4,R6,5,5
158,GPT4,R5,5,5
158,Llama,R4,5,5
158,Llama,R6,5,5
158,Llama,R5,5,5
159,GPT35,R4,5,3
159,GPT35,R6,5,2
159,GPT35,R5,5,3
159,GPT4,R4,5,3
159,GPT4,R6,5,2
159,GPT4,R5,5,3
159,Llama,R4,4,3
159,Llama,R6,5,2
159,Llama,R5,4,3
160,GPT35,R4,3,2
160,GPT35,R6,5,2
160,GPT35,R5,3,2
160,GPT4,R4,4,1
160,GPT4,R6,5,1
160,GPT4,R5,3,0
160,Llama,R4,4,2
160,Llama,R6,5,2
160,Llama,R5,4,3
161,GPT35,R4,3,2
161,GPT35,R6,5,2
161,GPT35,R5,2,1
161,GPT4,R4,5,2
161,GPT4,R6,5,1
161,GPT4,R5,5,0
161,Llama,R4,5,3
161,Llama,R6,5,3
161,Llama,R5,5,3
162,GPT35,R4,5,3
162,GPT35,R6,5,3
162,GPT35,R5,5,3
162,GPT4,R4,5,3
162,GPT4,R6,5,3
162,GPT4,R5,5,3
162,Llama,R4,5,3
162,Llama,R6,5,3
162,Llama,R5,5,3
163,GPT35,R4,5,3
163,GPT35,R6,5,3
163,GPT35,R5,5,3
163,GPT4,R4,5,3
163,GPT4,R6,5,3
163,GPT4,R5,5,3
163,Llama,R4,5,3
163,Llama,R6,5,3
163,Llama,R5,5,3
164,GPT35,R4,0,0
164,GPT35,R6,0,0
164,GPT35,R5,5,3
164,GPT4,R4,5,5
164,GPT4,R6,5,5
164,GPT4,R5,5,5
164,Llama,R4,0,0
164,Llama,R6,0,0
164,Llama,R5,0,0
165,GPT35,R4,5,5
165,GPT35,R6,5,5
165,GPT35,R5,5,5
165,GPT4,R4,5,2
165,GPT4,R6,5,5
165,GPT4,R5,5,0
165,Llama,R4,5,2
165,Llama,R6,5,1
165,Llama,R5,3,1
166,GPT35,R4,0,0
166,GPT35,R6,0,0
166,GPT35,R5,0,0
166,GPT4,R4,0,0
166,GPT4,R6,0,0
166,GPT4,R5,0,0
166,Llama,R4,0,0
166,Llama,R6,0,0
166,Llama,R5,0,0
167,GPT35,R4,0,0
167,GPT35,R6,0,0
167,GPT35,R5,0,0
167,GPT4,R4,5,5
167,GPT4,R6,5,5
167,GPT4,R5,5,5
167,Llama,R4,0,0
167,Llama,R6,0,0
167,Llama,R5,0,0
168,GPT35,R4,5,5
168,GPT35,R6,0,0
168,GPT35,R5,5,5
168,GPT4,R4,5,5
168,GPT4,R6,5,4
168,GPT4,R5,5,5
168,Llama,R4,5,5
168,Llama,R6,0,0
168,Llama,R5,5,5
169,GPT35,R4,5,4
169,GPT35,R6,5,4
169,GPT35,R5,5,4
169,GPT4,R4,5,3
169,GPT4,R6,5,3
169,GPT4,R5,5,3
169,Llama,R4,0,0
169,Llama,R6,0,0
169,Llama,R5,0,0
170,GPT35,R4,0,0
170,GPT35,R6,0,0
170,GPT35,R5,0,0
170,GPT4,R4,5,5
170,GPT4,R6,5,5
170,GPT4,R5,5,5
170,Llama,R4,5,5
170,Llama,R6,5,5
170,Llama,R5,5,5
171,GPT35,R4,5,5
171,GPT35,R6,5,5
171,GPT35,R5,5,5
171,GPT4,R4,5,4
171,GPT4,R6,5,3
171,GPT4,R5,5,3
171,Llama,R4,5,3
171,Llama,R6,5,3
171,Llama,R5,5,2
172,GPT35,R4,0,0
172,GPT35,R6,0,0
172,GPT35,R5,0,0
172,GPT4,R4,5,5
172,GPT4,R6,5,5
172,GPT4,R5,5,5
172,Llama,R4,3,1
172,Llama,R6,5,1
172,Llama,R5,0,0
173,GPT35,R4,5,5
173,GPT35,R6,4,5
173,GPT35,R5,5,5
173,GPT4,R4,5,5
173,GPT4,R6,5,5
173,GPT4,R5,5,5
173,Llama,R4,5,3
173,Llama,R6,5,3
173,Llama,R5,5,2
174,GPT35,R4,5,5
174,GPT35,R6,5,5
174,GPT35,R5,5,5
174,GPT4,R4,5,5
174,GPT4,R6,5,5
174,GPT4,R5,5,5
174,Llama,R4,5,5
174,Llama,R6,4,5
174,Llama,R5,5,5
175,GPT35,R4,5,5
175,GPT35,R6,0,0
175,GPT35,R5,5,5
175,GPT4,R4,5,5
175,GPT4,R6,5,5
175,GPT4,R5,5,5
175,Llama,R4,5,5
175,Llama,R6,0,0
175,Llama,R5,5,5
176,GPT35,R4,5,5
176,GPT35,R6,5,5
176,GPT35,R5,5,5
176,GPT4,R4,5,5
176,GPT4,R6,5,5
176,GPT4,R5,5,5
176,Llama,R4,5,5
176,Llama,R6,5,5
176,Llama,R5,5,5
177,GPT35,R4,5,5
177,GPT35,R6,5,5
177,GPT35,R5,5,5
177,GPT4,R4,5,5
177,GPT4,R6,5,5
177,GPT4,R5,5,5
177,Llama,R4,5,5
177,Llama,R6,5,5
177,Llama,R5,5,5
178,GPT35,R4,5,5
178,GPT35,R6,5,5
178,GPT35,R5,5,5
178,GPT4,R4,5,5
178,GPT4,R6,5,5
178,GPT4,R5,5,5
178,Llama,R4,5,5
178,Llama,R6,5,5
178,Llama,R5,5,5
179,GPT35,R4,0,0
179,GPT35,R6,0,0
179,GPT35,R5,0,0
179,GPT4,R4,5,5
179,GPT4,R6,5,5
179,GPT4,R5,5,5
179,Llama,R4,5,5
179,Llama,R6,5,5
179,Llama,R5,5,5
180,GPT35,R4,5,5
180,GPT35,R6,5,5
180,GPT35,R5,5,5
180,GPT4,R4,5,5
180,GPT4,R6,5,5
180,GPT4,R5,5,5
180,Llama,R4,5,5
180,Llama,R6,5,5
180,Llama,R5,5,5
181,GPT35,R4,5,5
181,GPT35,R6,5,5
181,GPT35,R5,5,5
181,GPT4,R4,5,5
181,GPT4,R6,5,5
181,GPT4,R5,5,5
181,Llama,R4,5,5
181,Llama,R6,5,4
181,Llama,R5,5,5
182,GPT35,R4,5,5
182,GPT35,R6,5,5
182,GPT35,R5,5,5
182,GPT4,R4,5,5
182,GPT4,R6,5,5
182,GPT4,R5,5,5
182,Llama,R4,5,5
182,Llama,R6,5,5
182,Llama,R5,5,5
183,GPT35,R4,5,5
183,GPT35,R6,5,5
183,GPT35,R5,5,5
183,GPT4,R4,5,5
183,GPT4,R6,5,5
183,GPT4,R5,5,5
183,Llama,R4,5,5
183,Llama,R6,5,5
183,Llama,R5,5,5
184,GPT35,R4,5,5
184,GPT35,R6,5,5
184,GPT35,R5,5,5
184,GPT4,R4,5,5
184,GPT4,R6,5,5
184,GPT4,R5,5,5
184,Llama,R4,5,5
184,Llama,R6,5,5
184,Llama,R5,5,5
185,GPT35,R4,5,5
185,GPT35,R6,5,5
185,GPT35,R5,5,5
185,GPT4,R4,5,5
185,GPT4,R6,5,5
185,GPT4,R5,5,5
185,Llama,R4,5,5
185,Llama,R6,5,5
185,Llama,R5,5,5
186,GPT35,R4,5,5
186,GPT35,R6,5,5
186,GPT35,R5,5,5
186,GPT4,R4,5,5
186,GPT4,R6,5,5
186,GPT4,R5,5,5
186,Llama,R4,5,5
186,Llama,R6,5,5
186,Llama,R5,5,5
187,GPT35,R4,5,5
187,GPT35,R6,5,5
187,GPT35,R5,5,5
187,GPT4,R4,5,5
187,GPT4,R6,5,5
187,GPT4,R5,5,5
187,Llama,R4,5,5
187,Llama,R6,5,5
187,Llama,R5,5,5
188,GPT35,R4,5,5
188,GPT35,R6,5,5
188,GPT35,R5,5,5
188,GPT4,R4,5,5
188,GPT4,R6,5,5
188,GPT4,R5,5,5
188,Llama,R4,5,5
188,Llama,R6,5,5
188,Llama,R5,5,5
189,GPT35,R4,5,5
189,GPT35,R6,5,5
189,GPT35,R5,5,5
189,GPT4,R4,0,0
189,GPT4,R6,0,0
189,GPT4,R5,0,0
189,Llama,R4,0,0
189,Llama,R6,0,0
189,Llama,R5,0,0
190,GPT35,R4,0,0
190,GPT35,R6,0,0
190,GPT35,R5,0,0
190,GPT4,R4,0,0
190,GPT4,R6,0,0
190,GPT4,R5,0,0
190,Llama,R4,0,0
190,Llama,R6,0,0
190,Llama,R5,0,0
191,GPT35,R4,0,0
191,GPT35,R6,0,0
191,GPT35,R5,0,0
191,GPT4,R4,0,0
191,GPT4,R6,0,0
191,GPT4,R5,0,0
191,Llama,R4,0,0
191,Llama,R6,0,0
191,Llama,R5,0,0
192,GPT35,R4,5,5
192,GPT35,R6,5,5
192,GPT35,R5,5,5
192,GPT4,R4,5,5
192,GPT4,R6,5,5
192,GPT4,R5,5,5
192,Llama,R4,5,5
192,Llama,R6,5,5
192,Llama,R5,5,5
193,GPT35,R4,0,0
193,GPT35,R6,0,0
193,GPT35,R5,0,0
193,GPT4,R4,5,5
193,GPT4,R6,4,5
193,GPT4,R5,5,5
193,Llama,R4,5,5
193,Llama,R6,5,5
193,Llama,R5,5,5
194,GPT35,R4,5,5
194,GPT35,R6,5,5
194,GPT35,R5,5,5
194,GPT4,R4,5,5
194,GPT4,R6,5,5
194,GPT4,R5,5,5
194,Llama,R4,5,3
194,Llama,R6,5,3
194,Llama,R5,5,3
195,GPT35,R4,5,5
195,GPT35,R6,5,5
195,GPT35,R5,5,5
195,GPT4,R4,5,5
195,GPT4,R6,5,5
195,GPT4,R5,5,5
195,Llama,R4,5,5
195,Llama,R6,5,5
195,Llama,R5,5,5
196,GPT35,R4,5,5
196,GPT35,R6,5,5
196,GPT35,R5,5,5
196,GPT4,R4,5,5
196,GPT4,R6,5,5
196,GPT4,R5,5,5
196,Llama,R4,5,5
196,Llama,R6,5,5
196,Llama,R5,5,5
197,GPT35,R4,5,5
197,GPT35,R6,5,5
197,GPT35,R5,5,5
197,GPT4,R4,5,5
197,GPT4,R6,5,5
197,GPT4,R5,5,5
197,Llama,R4,0,0
197,Llama,R6,0,0
197,Llama,R5,0,0
198,GPT35,R4,5,5
198,GPT35,R6,5,5
198,GPT35,R5,5,5
198,GPT4,R4,0,0
198,GPT4,R6,0,0
198,GPT4,R5,0,0
198,Llama,R4,5,5
198,Llama,R6,5,5
198,Llama,R5,5,5
199,GPT35,R4,0,0
199,GPT35,R6,0,0
199,GPT35,R5,0,0
199,GPT4,R4,5,5
199,GPT4,R6,5,5
199,GPT4,R5,5,5
199,Llama,R4,5,5
199,Llama,R6,5,5
199,Llama,R5,5,5
200,GPT35,R4,5,5
200,GPT35,R6,5,5
200,GPT35,R5,5,5
200,GPT4,R4,5,5
200,GPT4,R6,5,5
200,GPT4,R5,5,5
200,Llama,R4,5,5
200,Llama,R6,5,5
200,Llama,R5,5,5
201,GPT35,R4,5,4
201,GPT35,R6,5,4
201,GPT35,R5,5,4
201,GPT4,R4,0,0
201,GPT4,R6,0,0
201,GPT4,R5,0,0
201,Llama,R4,5,5
201,Llama,R6,5,5
201,Llama,R5,5,5
202,GPT35,R4,5,3
202,GPT35,R6,3,3
202,GPT35,R5,5,5
202,GPT4,R4,5,3
202,GPT4,R6,5,3
202,GPT4,R5,5,3
202,Llama,R4,0,0
202,Llama,R6,0,0
202,Llama,R5,0,0
203,GPT35,R4,5,3
203,GPT35,R6,5,3
203,GPT35,R5,5,3
203,GPT4,R4,5,3
203,GPT4,R6,5,3
203,GPT4,R5,5,3
203,Llama,R4,0,0
203,Llama,R6,0,0
203,Llama,R5,0,0
204,GPT35,R4,5,5
204,GPT35,R6,5,5
204,GPT35,R5,5,5
204,GPT4,R4,0,0
204,GPT4,R6,0,0
204,GPT4,R5,0,0
204,Llama,R4,0,0
204,Llama,R6,0,0
204,Llama,R5,0,0
205,GPT35,R4,0,0
205,GPT35,R6,0,0
205,GPT35,R5,0,0
205,GPT4,R4,5,4
205,GPT4,R6,5,3
205,GPT4,R5,5,3
205,Llama,R4,0,0
205,Llama,R6,0,0
205,Llama,R5,0,0
206,GPT35,R4,3,3
206,GPT35,R6,5,2
206,GPT35,R5,4,2
206,GPT4,R4,5,5
206,GPT4,R6,5,5
206,GPT4,R5,5,5
206,Llama,R4,0,0
206,Llama,R6,0,0
206,Llama,R5,0,0
207,GPT35,R4,5,5
207,GPT35,R6,5,5
207,GPT35,R5,5,5
207,GPT4,R4,5,5
207,GPT4,R6,5,5
207,GPT4,R5,5,5
207,Llama,R4,0,0
207,Llama,R6,5,5
207,Llama,R5,0,0
